﻿<?xml version="1.0" encoding="utf-8" standalone="yes"?>
<content dir="C:\Nanjing\Aspose.Cells.Java/tmp/additional/doc">
  <book name="com.aspose.gridweb Package" href="com/aspose/gridweb/package-summary.html">
    <book name="Classes" href="">
      <item name="BorderStyle" href="com/aspose/gridweb/BorderStyle.html" />
      <item name="CellErrorHandler" href="com/aspose/gridweb/CellErrorHandler.html" />
      <item name="CellEventArgs" href="com/aspose/gridweb/CellEventArgs.html" />
      <item name="CellEventHandler" href="com/aspose/gridweb/CellEventHandler.html" />
      <item name="CellEventStringHandler" href="com/aspose/gridweb/CellEventStringHandler.html" />
      <item name="Color" href="com/aspose/gridweb/Color.html" />
      <item name="CustomCommandEventHandler" href="com/aspose/gridweb/CustomCommandEventHandler.html" />
      <item name="DateTime" href="com/aspose/gridweb/DateTime.html" />
      <item name="ExtPage" href="com/aspose/gridweb/ExtPage.html" />
      <item name="FontInfo" href="com/aspose/gridweb/FontInfo.html" />
      <item name="FontSize" href="com/aspose/gridweb/FontSize.html" />
      <item name="FontUnit" href="com/aspose/gridweb/FontUnit.html" />
      <item name="GridCell" href="com/aspose/gridweb/GridCell.html" />
      <item name="GridCellArea" href="com/aspose/gridweb/GridCellArea.html" />
      <item name="GridCellException" href="com/aspose/gridweb/GridCellException.html" />
      <item name="GridCells" href="com/aspose/gridweb/GridCells.html" />
      <item name="GridColumn" href="com/aspose/gridweb/GridColumn.html" />
      <item name="GridColumnCollection" href="com/aspose/gridweb/GridColumnCollection.html" />
      <item name="GridComment" href="com/aspose/gridweb/GridComment.html" />
      <item name="GridCommentCollection" href="com/aspose/gridweb/GridCommentCollection.html" />
      <item name="GridHyperlink" href="com/aspose/gridweb/GridHyperlink.html" />
      <item name="GridHyperlinkCollection" href="com/aspose/gridweb/GridHyperlinkCollection.html" />
      <item name="GridName" href="com/aspose/gridweb/GridName.html" />
      <item name="GridNameCollection" href="com/aspose/gridweb/GridNameCollection.html" />
      <item name="GridPicture" href="com/aspose/gridweb/GridPicture.html" />
      <item name="GridPictureCollection" href="com/aspose/gridweb/GridPictureCollection.html" />
      <item name="GridPivotFieldCollection" href="com/aspose/gridweb/GridPivotFieldCollection.html" />
      <item name="GridPivotItemCollection" href="com/aspose/gridweb/GridPivotItemCollection.html" />
      <item name="GridPivotTable" href="com/aspose/gridweb/GridPivotTable.html" />
      <item name="GridPivotTableCollection" href="com/aspose/gridweb/GridPivotTableCollection.html" />
      <item name="GridRow" href="com/aspose/gridweb/GridRow.html" />
      <item name="GridRowCollection" href="com/aspose/gridweb/GridRowCollection.html" />
      <item name="GridShape" href="com/aspose/gridweb/GridShape.html" />
      <item name="GridShapeCollection" href="com/aspose/gridweb/GridShapeCollection.html" />
      <item name="GridTableItemStyle" href="com/aspose/gridweb/GridTableItemStyle.html" />
      <item name="GridTableStyle" href="com/aspose/gridweb/GridTableStyle.html" />
      <item name="GridValidation" href="com/aspose/gridweb/GridValidation.html" />
      <item name="GridValidationCollection" href="com/aspose/gridweb/GridValidationCollection.html" />
      <item name="GridWebBean" href="com/aspose/gridweb/GridWebBean.html" />
      <item name="GridWorkbook" href="com/aspose/gridweb/GridWorkbook.html" />
      <item name="GridWorksheet" href="com/aspose/gridweb/GridWorksheet.html" />
      <item name="GridWorksheetCollection" href="com/aspose/gridweb/GridWorksheetCollection.html" />
      <item name="License" href="com/aspose/gridweb/License.html" />
      <item name="MainWeb" href="com/aspose/gridweb/MainWeb.html" />
      <item name="OnErrorActionQuery" href="com/aspose/gridweb/OnErrorActionQuery.html" />
      <item name="RowColumnEventArgs" href="com/aspose/gridweb/RowColumnEventArgs.html" />
      <item name="RowColumnEventHandler" href="com/aspose/gridweb/RowColumnEventHandler.html" />
      <item name="Unit" href="com/aspose/gridweb/Unit.html" />
      <item name="UnitType" href="com/aspose/gridweb/UnitType.html" />
      <item name="WebBorderStyle" href="com/aspose/gridweb/WebBorderStyle.html" />
      <item name="WorkbookEventHandler" href="com/aspose/gridweb/WorkbookEventHandler.html" />
    </book>
    <book name="Constants" href="">
      <item name="BorderCollapseType" href="com/aspose/gridweb/BorderCollapseType.html" />
      <item name="GridCellErrorType" href="com/aspose/gridweb/GridCellErrorType.html" />
      <item name="GridLines" href="com/aspose/gridweb/GridLines.html" />
      <item name="GridValidationType" href="com/aspose/gridweb/GridValidationType.html" />
      <item name="HorizontalAlign" href="com/aspose/gridweb/HorizontalAlign.html" />
      <item name="LayoutFixedType" href="com/aspose/gridweb/LayoutFixedType.html" />
      <item name="NumberType" href="com/aspose/gridweb/NumberType.html" />
      <item name="OnErrorActionType" href="com/aspose/gridweb/OnErrorActionType.html" />
      <item name="OperatorType" href="com/aspose/gridweb/OperatorType.html" />
      <item name="PresetStyle" href="com/aspose/gridweb/PresetStyle.html" />
      <item name="SetBorderPosition" href="com/aspose/gridweb/SetBorderPosition.html" />
      <item name="VerticalAlign" href="com/aspose/gridweb/VerticalAlign.html" />
    </book>
  </book>
</content>